user_id,username,password
U001,user_1,1234
U002,user_2,1234
U003,user_3,1234
U004,user_4,1234
U005,user_5,1234
U006,user_6,1234
U007,user_7,1234
U008,user_8,1234
U009,user_9,1234
U010,user_10,1234
U011,user_11,1234
U012,user_12,1234
U013,user_13,1234
U014,user_14,1234
U015,user_15,1234
U016,user_16,1234
U017,user_17,1234
U018,user_18,1234
U019,user_19,1234
U020,user_20,1234
U021,user_21,1234
U022,user_22,1234
U023,user_23,1234
U024,user_24,1234
U025,user_25,1234
U026,user_26,1234
U027,user_27,1234
U028,user_28,1234
U029,user_29,1234
U030,user_30,1234
U031,user_31,1234
U032,user_32,1234
U033,user_33,1234
U034,user_34,1234
U035,user_35,1234
U036,user_36,1234
U037,user_37,1234
U038,user_38,1234
U039,user_39,1234
U040,user_40,1234
U041,user_41,1234
U042,user_42,1234
U043,user_43,1234
U044,user_44,1234
U045,user_45,1234
U046,user_46,1234
U047,user_47,1234
U048,user_48,1234
U049,user_49,1234
U050,user_50,1234
U051,user_51,1234
U052,user_52,1234
U053,user_53,1234
U054,user_54,1234
U055,user_55,1234
U056,user_56,1234
U057,user_57,1234
U058,user_58,1234
U059,user_59,1234
U060,user_60,1234
U061,user_61,1234
U062,user_62,1234
U063,user_63,1234
U064,user_64,1234
U065,user_65,1234
U066,user_66,1234
U067,user_67,1234
U068,user_68,1234
U069,user_69,1234
U070,user_70,1234
U071,user_71,1234
U072,user_72,1234
U073,user_73,1234
U074,user_74,1234
U075,user_75,1234
U076,user_76,1234
U077,user_77,1234
U078,user_78,1234
U079,user_79,1234
U080,user_80,1234
U081,user_81,1234
U082,user_82,1234
U083,user_83,1234
U084,user_84,1234
U085,user_85,1234
U086,user_86,1234
U087,user_87,1234
U088,user_88,1234
U089,user_89,1234
U090,user_90,1234
U091,user_91,1234
U092,user_92,1234
U093,user_93,1234
U094,user_94,1234
U095,user_95,1234
U096,user_96,1234
U097,user_97,1234
U098,user_98,1234
U099,user_99,1234
U100,user_100,1234
U101,user_101,1234
U102,user_102,1234
U103,user_103,1234
U104,user_104,1234
U105,user_105,1234
U106,user_106,1234
U107,user_107,1234
U108,user_108,1234
U109,user_109,1234
U110,user_110,1234
U111,user_111,1234
U112,user_112,1234
U113,user_113,1234
U114,user_114,1234
U115,user_115,1234
U116,user_116,1234
U117,user_117,1234
U118,user_118,1234
U119,user_119,1234
U120,user_120,1234
